大分類,中分類,小分類
CRC,Four seasons,Routine
,,サポート
,,カイゼン
,,MTG
,,更新・作成・修正
,,その他
,,個人Task
,News Feed,サポート
,,Routine
,,その他
,,更新・作成・修正
,,メール配信
,,個人Task
,,カイゼン
,,MTG
,,説明会
,SIM起票,Routine
,,サポート
,,更新・作成・修正
,,その他
,,個人Task
,,メール配信
,,MTG
,SOP,説明会
,,更新・作成・修正
,,個人Task
,,その他
,,MTG
,,カイゼン
Panorana,Duplo,Routine
,,説明会
,,個人Task
,Pilot,Routine
,,MTG
,,更新・作成・修正
,,メール配信
,,サポート
,,その他
,,個人Task
,,カイゼン
,,説明会
,,集計
,SOP,更新・作成・修正
,,MTG
,,その他
,,メール配信
,,サポート
,,個人Task
,,説明会
,,Routine
,,カイゼン
,Tool,更新・作成・修正
,,サポート
,,MTG
,,その他
,,Routine
,,個人Task
,,説明会
,,カイゼン
,,メール配信
RP,Rescue,Routine
,,サポート
,,MTG
,,個人Task
,SharePoint,Routine
,,個人Task
,,その他
,,MTG
,Voice,Routine
,,個人Task
,,その他
,,MTG
,メインテナンス,個人Task
勤怠,休憩,休憩
,30分休憩,30分休憩
People/その他,Forte,個人Task
,,その他
,,MTG
,,Routine
,MTG Board,MTG
,,Routine
,,個人Task
,,MTG
,,説明会
,,その他
,Kaizen,MTG
,,説明会
,,個人Task
,,カイゼン
,,更新・作成・修正
,,その他
CRC,Voice,Routine
,,個人Task
,,その他
,,MTG
